for master_1
for child2
child2_1
child2_2
child2_3
for child3

this test is for MDEV-20502

drop and create databases
connection master_1;
CREATE DATABASE auto_test_local;
USE auto_test_local;
connection child2_1;
SET @old_log_output = @@global.log_output;
SET GLOBAL log_output = 'TABLE,FILE';
CREATE DATABASE auto_test_remote;
USE auto_test_remote;

create table and insert
connection child2_1;
CHILD2_1_CREATE_TABLES
TRUNCATE TABLE mysql.general_log;
connection master_1;
CREATE TABLE tbl_a (
id int(10) unsigned NOT NULL AUTO_INCREMENT,
val int(10) unsigned DEFAULT NULL,
PRIMARY KEY(id)
) ENGINE=Spider COMMENT='table "tbl_a", srv "s_2_1"'
INSERT INTO tbl_a (val) VALUES (1);

test 1
connection child2_1;
TRUNCATE TABLE mysql.general_log;
connection master_1;
SELECT id, 0 AS const, val FROM tbl_a;
id	const	val
1	0	1
connection child2_1;
SELECT argument FROM mysql.general_log WHERE argument LIKE '%select %';
argument
select t0.`id` `id`,t0.`val` `val` from `auto_test_remote`.`tbl_a` t0
SELECT argument FROM mysql.general_log WHERE argument LIKE '%select %'
SELECT id, val FROM tbl_a ORDER BY id;
id	val
1	1

deinit
connection master_1;
DROP DATABASE IF EXISTS auto_test_local;
connection child2_1;
DROP DATABASE IF EXISTS auto_test_remote;
SET GLOBAL log_output = @old_log_output;
for master_1
for child2
child2_1
child2_2
child2_3
for child3

end of test
